<?xml version="1.0" encoding="UTF-8"?>
<project-private xmlns="http://www.netbeans.org/ns/project-private/1">
    <editor-bookmarks xmlns="http://www.netbeans.org/ns/editor-bookmarks/2" lastBookmarkId="0"/>
    <open-files xmlns="http://www.netbeans.org/ns/projectui-open-files/2">
        <group>
            <file>file:/Users/Harald/Github/CG_Doom/Doom/src/render/Cube.java</file>
            <file>file:/Users/Harald/Github/CG_Doom/Doom/src/game/Game.java</file>
            <file>file:/Users/Harald/Github/CG_Doom/Doom/src/game/Board.java</file>
            <file>file:/Users/Harald/Github/CG_Doom/Doom/src/doom/Doom_3_3.java</file>
            <file>file:/Users/Harald/Github/CG_Doom/Doom/src/game/Timer.java</file>
            <file>file:/Users/Harald/Github/CG_Doom/Doom/src/game/Player.java</file>
        </group>
    </open-files>
</project-private>
